source,lead,season,days,bias,mae,hit_rate
ifs_hres,1,all,936,-0.623,0.996,0.306
ifs_hres,1,DJF,180,-0.361,0.828,0.394
ifs_hres,1,MAM,262,-0.672,1.052,0.305
ifs_hres,1,JJA,276,-0.761,1.13,0.239
ifs_hres,1,SON,218,-0.605,0.899,0.317
ifs_hres,2,all,935,-0.649,1.079,0.281
ifs_hres,2,DJF,180,-0.372,0.995,0.339
ifs_hres,2,MAM,261,-0.707,1.154,0.287
ifs_hres,2,JJA,276,-0.793,1.161,0.25
ifs_hres,2,SON,218,-0.627,0.956,0.266
ifs_hres,3,all,934,-0.633,1.246,0.238
ifs_hres,3,DJF,180,-0.498,1.204,0.267
ifs_hres,3,MAM,260,-0.76,1.373,0.219
ifs_hres,3,JJA,276,-0.597,1.247,0.257
ifs_hres,3,SON,218,-0.639,1.129,0.211
ifs_hres,4,all,933,-0.78,1.467,0.245
ifs_hres,4,DJF,180,-0.632,1.406,0.244
ifs_hres,4,MAM,259,-0.959,1.669,0.232
ifs_hres,4,JJA,276,-0.716,1.445,0.246
ifs_hres,4,SON,218,-0.773,1.304,0.261
ifs_hres,5,all,932,-0.879,1.755,0.203
ifs_hres,5,DJF,180,-0.632,1.706,0.256
ifs_hres,5,MAM,258,-1.216,1.917,0.143
ifs_hres,5,JJA,276,-0.72,1.815,0.192
ifs_hres,5,SON,218,-0.885,1.529,0.243
ifs_hres,6,all,928,-1.157,2.253,0.139
ifs_hres,6,DJF,180,-1.111,2.223,0.15
ifs_hres,6,MAM,257,-1.306,2.505,0.113
ifs_hres,6,JJA,273,-0.956,2.249,0.125
ifs_hres,6,SON,218,-1.272,1.984,0.179
ifs_hres,7,all,922,-1.129,2.436,0.125
ifs_hres,7,DJF,180,-0.966,2.245,0.106
ifs_hres,7,MAM,256,-1.525,2.966,0.066
ifs_hres,7,JJA,269,-0.841,2.447,0.138
ifs_hres,7,SON,217,-1.154,1.954,0.194
aifs_single,1,all,595,-1.578,1.659,0.155
aifs_single,1,DJF,100,-0.917,1.135,0.3
aifs_single,1,MAM,184,-1.98,2.035,0.043
aifs_single,1,JJA,184,-1.945,1.952,0.076
aifs_single,1,SON,127,-0.984,1.101,0.315
aifs_single,2,all,594,-1.614,1.726,0.136
aifs_single,2,DJF,99,-0.969,1.262,0.232
aifs_single,2,MAM,184,-2.022,2.098,0.038
aifs_single,2,JJA,184,-1.98,1.999,0.087
aifs_single,2,SON,127,-0.996,1.154,0.276
aifs_single,3,all,593,-1.639,1.77,0.157
aifs_single,3,DJF,98,-1.08,1.335,0.265
aifs_single,3,MAM,184,-2.045,2.131,0.092
aifs_single,3,JJA,184,-1.967,2.022,0.103
aifs_single,3,SON,127,-1.009,1.219,0.244
aifs_single,4,all,592,-1.609,1.844,0.142
aifs_single,4,DJF,97,-1.069,1.533,0.216
aifs_single,4,MAM,184,-2.023,2.164,0.092
aifs_single,4,JJA,184,-1.871,1.996,0.103
aifs_single,4,SON,127,-1.04,1.396,0.213
aifs_single,5,all,591,-1.608,2.019,0.137
aifs_single,5,DJF,96,-0.949,1.824,0.167
aifs_single,5,MAM,184,-2.097,2.363,0.114
aifs_single,5,JJA,184,-1.847,2.135,0.098
aifs_single,5,SON,127,-1.053,1.498,0.205
aifs_single,6,all,590,-1.539,2.149,0.132
aifs_single,6,DJF,95,-0.867,1.985,0.189
aifs_single,6,MAM,184,-2.015,2.396,0.125
aifs_single,6,JJA,184,-1.732,2.265,0.087
aifs_single,6,SON,127,-1.075,1.744,0.165
aifs_single,7,all,181,-1.836,2.399,0.11
aifs_single,7,MAM,53,-2.243,2.726,0.113
aifs_single,7,JJA,92,-1.71,2.395,0.109
aifs_single,7,SON,36,-1.558,1.931,0.111
harmonie_nl,1,all,187,2.021,2.239,0.16
harmonie_nl,1,MAM,59,2.38,2.6,0.068
harmonie_nl,1,JJA,92,2.166,2.388,0.163
harmonie_nl,1,SON,36,1.061,1.267,0.306
harmonie_nl,2,all,185,1.988,2.428,0.086
harmonie_nl,2,MAM,58,2.234,2.448,0.052
harmonie_nl,2,JJA,92,2.385,2.809,0.054
harmonie_nl,2,SON,35,0.537,1.394,0.229
icon_d2,1,all,187,-0.119,0.739,0.449
icon_d2,1,MAM,59,-0.041,0.61,0.508
icon_d2,1,JJA,92,-0.054,0.859,0.391
icon_d2,1,SON,36,-0.411,0.644,0.5
icon_eu,1,all,991,-0.238,0.801,0.42
icon_eu,1,DJF,221,-0.439,0.877,0.357
icon_eu,1,MAM,276,-0.13,0.729,0.467
icon_eu,1,JJA,276,-0.2,0.903,0.388
icon_eu,1,SON,218,-0.219,0.686,0.463
icon_eu,2,all,990,-0.21,0.973,0.335
icon_eu,2,DJF,220,-0.451,1.044,0.323
icon_eu,2,MAM,276,-0.129,0.945,0.341
icon_eu,2,JJA,276,-0.143,1.016,0.315
icon_eu,2,SON,218,-0.155,0.884,0.367
icon_eu,3,all,989,-0.114,1.099,0.325
icon_eu,3,DJF,219,-0.34,1.17,0.32
icon_eu,3,MAM,276,-0.06,1.065,0.348
icon_eu,3,JJA,276,0.009,1.146,0.301
icon_eu,3,SON,218,-0.112,1.01,0.33
icon_eu,4,all,184,-0.215,1.455,0.283
icon_eu,4,MAM,56,-0.537,1.445,0.25
icon_eu,4,JJA,92,0.099,1.614,0.293
icon_eu,4,SON,36,-0.514,1.064,0.306
gfs,1,all,2001,0.124,0.971,0.352
gfs,1,DJF,430,0.013,0.876,0.405
gfs,1,MAM,528,-0.107,0.995,0.333
gfs,1,JJA,552,0.501,1.114,0.317
gfs,1,SON,491,0.045,0.866,0.365
gfs,2,all,1999,0.14,1.077,0.325
gfs,2,DJF,429,0.02,1.001,0.361
gfs,2,MAM,527,-0.19,1.103,0.319
gfs,2,JJA,552,0.589,1.21,0.304
gfs,2,SON,491,0.096,0.966,0.324
gfs,3,all,1997,0.184,1.266,0.284
gfs,3,DJF,428,0.047,1.171,0.304
gfs,3,MAM,526,-0.272,1.323,0.287
gfs,3,JJA,552,0.778,1.415,0.255
gfs,3,SON,491,0.122,1.121,0.295
gfs,4,all,1995,0.262,1.451,0.247
gfs,4,DJF,427,0.029,1.295,0.269
gfs,4,MAM,525,-0.206,1.552,0.223
gfs,4,JJA,552,0.898,1.637,0.228
gfs,4,SON,491,0.249,1.268,0.275
gfs,5,all,1993,0.21,1.696,0.213
gfs,5,DJF,426,-0.03,1.476,0.218
gfs,5,MAM,524,-0.223,1.796,0.193
gfs,5,JJA,552,0.98,1.981,0.207
gfs,5,SON,491,0.015,1.459,0.238
gfs,6,all,1991,0.25,1.977,0.193
gfs,6,DJF,425,-0.002,1.756,0.207
gfs,6,MAM,523,-0.264,2.083,0.187
gfs,6,JJA,552,1.041,2.333,0.145
gfs,6,SON,491,0.124,1.654,0.24
gfs,7,all,181,0.43,2.94,0.094
gfs,7,MAM,53,-0.102,2.883,0.113
gfs,7,JJA,92,1.247,3.332,0.076
gfs,7,SON,36,-0.872,2.022,0.111
ukmo_global,1,all,789,-0.471,1.007,0.341
ukmo_global,1,DJF,180,-0.441,0.978,0.367
ukmo_global,1,MAM,184,-0.636,1.136,0.299
ukmo_global,1,JJA,207,-0.407,1.06,0.261
ukmo_global,1,SON,218,-0.418,0.872,0.431
ukmo_global,2,all,786,-0.535,1.181,0.317
ukmo_global,2,DJF,180,-0.494,1.071,0.322
ukmo_global,2,MAM,184,-0.864,1.428,0.277
ukmo_global,2,JJA,205,-0.365,1.202,0.307
ukmo_global,2,SON,217,-0.449,1.041,0.355
ukmo_global,3,all,774,-0.522,1.406,0.264
ukmo_global,3,DJF,180,-0.566,1.332,0.3
ukmo_global,3,MAM,183,-1.12,1.679,0.208
ukmo_global,3,JJA,195,0.016,1.406,0.262
ukmo_global,3,SON,216,-0.466,1.238,0.282
ukmo_global,4,all,770,-0.533,1.659,0.238
ukmo_global,4,DJF,180,-0.468,1.558,0.239
ukmo_global,4,MAM,182,-1.213,2.125,0.181
ukmo_global,4,JJA,193,-0.117,1.708,0.187
ukmo_global,4,SON,215,-0.386,1.304,0.33
ukmo_global,5,all,639,-0.7,1.903,0.185
ukmo_global,5,DJF,156,-0.803,2.138,0.167
ukmo_global,5,MAM,146,-1.235,2.235,0.116
ukmo_global,5,JJA,169,-0.033,1.78,0.219
ukmo_global,5,SON,168,-0.811,1.52,0.226
ukmo_global,6,all,182,-0.73,2.528,0.137
ukmo_global,6,MAM,54,-1.189,2.681,0.074
ukmo_global,6,JJA,92,-0.416,2.758,0.185
ukmo_global,6,SON,36,-0.844,1.711,0.111
arpege_europe,1,all,991,-0.769,1.208,0.282
arpege_europe,1,DJF,221,-1.322,1.505,0.217
arpege_europe,1,MAM,276,-0.695,1.207,0.312
arpege_europe,1,JJA,276,-0.232,0.996,0.293
arpege_europe,1,SON,218,-0.984,1.174,0.294
arpege_europe,2,all,990,-0.747,1.337,0.257
arpege_europe,2,DJF,220,-1.328,1.557,0.209
arpege_europe,2,MAM,276,-0.815,1.378,0.232
arpege_europe,2,JJA,276,-0.057,1.176,0.283
arpege_europe,2,SON,218,-0.949,1.268,0.303
arpege_europe,3,all,185,0.091,1.304,0.303
arpege_europe,3,MAM,57,-0.191,1.089,0.246
arpege_europe,3,JJA,92,0.726,1.474,0.326
arpege_europe,3,SON,36,-1.086,1.208,0.333
baseline:autoregression,1,all,991,nan,2.037,0.155
baseline:autoregression,2,all,990,nan,2.521,0.142
baseline:autoregression,3,all,989,nan,2.665,0.121
baseline:autoregression,4,all,988,nan,2.709,0.122
baseline:autoregression,5,all,987,nan,2.751,0.121
baseline:autoregression,6,all,986,nan,2.783,0.117
baseline:autoregression,7,all,887,nan,2.781,0.117
baseline:climatology,1,all,991,nan,2.743,0.136
baseline:climatology,2,all,990,nan,2.741,0.137
baseline:climatology,3,all,989,nan,2.744,0.138
baseline:climatology,4,all,988,nan,2.742,0.138
baseline:climatology,5,all,987,nan,2.74,0.139
baseline:climatology,6,all,986,nan,2.738,0.139
baseline:climatology,7,all,887,nan,2.732,0.139
baseline:persistence,1,all,991,nan,2.184,0.144
baseline:persistence,2,all,990,nan,2.919,0.135
baseline:persistence,3,all,989,nan,3.302,0.096
baseline:persistence,4,all,988,nan,3.488,0.094
baseline:persistence,5,all,987,nan,3.684,0.085
baseline:persistence,6,all,986,nan,3.848,0.082
baseline:persistence,7,all,887,nan,4.0,0.076
