date,season,rebuilt_max_c,max_time_local,reports_that_day,knmi_tx_c
2014-03-06,MAM,13,14:25,48,12.7
2014-03-21,MAM,12,00:25,48,11.8
2014-07-05,JJA,22,17:25,48,22.5
2014-07-25,JJA,22,10:55,48,23.2
2014-08-16,JJA,19,12:55,48,18.7
2014-08-23,JJA,17,14:55,48,17.0
2014-10-23,SON,14,12:55,48,14.5
2014-10-27,SON,17,14:55,48,16.7
2015-02-22,DJF,8,13:55,45,7.6
2015-02-23,DJF,9,12:25,47,9.1
2015-02-24,DJF,8,12:25,48,8.9
2015-06-09,JJA,14,16:25,48,14.2
2015-06-12,JJA,26,13:55,48,26.6
2015-07-05,JJA,27,13:25,47,27.7
2015-11-11,SON,14,00:25,48,13.9
2015-12-01,DJF,13,20:25,48,12.8
2016-01-07,DJF,8,18:25,48,8.3
2016-04-30,MAM,11,14:55,48,11.0
2016-05-21,MAM,22,14:55,48,22.8
2016-06-07,JJA,25,15:55,48,24.8
2016-10-09,SON,15,16:25,48,15.0
2017-04-10,MAM,14,01:55,48,13.2
2017-06-09,JJA,18,04:25,41,19.1
2017-09-06,SON,18,02:25,48,18.7
2018-01-10,DJF,7,06:55,48,7.4
2018-02-21,DJF,5,13:25,48,4.9
2018-03-02,MAM,0,13:55,48,0.2
2018-03-25,MAM,11,14:55,46,11.4
2018-05-10,MAM,16,15:25,48,16.0
2018-08-29,JJA,20,13:25,48,19.7
2018-09-07,SON,16,09:55,48,17.2
2018-11-13,SON,13,12:25,48,13.6
2018-12-12,DJF,6,13:25,48,5.9
2019-04-30,MAM,12,13:55,48,12.1
2019-11-19,SON,8,11:25,48,8.4
2020-01-30,DJF,11,20:55,48,11.5
2020-10-09,SON,15,13:55,48,15.0
2020-10-13,SON,13,12:25,48,13.3
2020-10-29,SON,14,21:55,48,14.7
2021-04-19,MAM,15,15:55,48,15.4
2022-02-11,DJF,7,11:55,48,7.8
2022-03-05,MAM,7,14:25,48,6.9
2022-04-26,MAM,14,13:25,47,13.7
2022-07-21,JJA,21,00:25,48,19.9
2022-09-12,SON,24,16:25,48,24.2
2023-02-14,DJF,12,14:25,48,12.1
2023-02-24,DJF,9,12:55,48,9.2
2023-10-21,SON,15,12:25,48,15.3
2024-02-13,DJF,9,12:25,48,9.6
2024-02-29,DJF,9,11:55,48,9.2
2024-03-16,MAM,11,00:25,48,10.5
2024-07-21,JJA,22,13:25,48,22.7
2025-04-18,MAM,16,16:25,48,16.1
2025-06-23,JJA,20,00:25,48,21.0
2025-08-17,JJA,20,14:55,48,20.0
2025-11-04,SON,16,12:25,48,15.7
2026-01-23,DJF,6,11:25,48,6.5
2026-05-21,MAM,19,15:25,48,19.3
2026-07-31,JJA,24,13:55,48,24.6
2026-09-15,SON,25,13:25,48,25.0
