date,wu_link,wu_max_c
2014-03-06,https://www.wunderground.com/history/daily/nl/schiphol/EHAM/date/2014-3-6,
2014-03-21,https://www.wunderground.com/history/daily/nl/schiphol/EHAM/date/2014-3-21,
2014-07-05,https://www.wunderground.com/history/daily/nl/schiphol/EHAM/date/2014-7-5,
2014-07-25,https://www.wunderground.com/history/daily/nl/schiphol/EHAM/date/2014-7-25,
2014-08-16,https://www.wunderground.com/history/daily/nl/schiphol/EHAM/date/2014-8-16,
2014-08-23,https://www.wunderground.com/history/daily/nl/schiphol/EHAM/date/2014-8-23,
2014-10-23,https://www.wunderground.com/history/daily/nl/schiphol/EHAM/date/2014-10-23,
2014-10-27,https://www.wunderground.com/history/daily/nl/schiphol/EHAM/date/2014-10-27,
2015-02-22,https://www.wunderground.com/history/daily/nl/schiphol/EHAM/date/2015-2-22,
2015-02-23,https://www.wunderground.com/history/daily/nl/schiphol/EHAM/date/2015-2-23,
2015-02-24,https://www.wunderground.com/history/daily/nl/schiphol/EHAM/date/2015-2-24,
2015-06-09,https://www.wunderground.com/history/daily/nl/schiphol/EHAM/date/2015-6-9,
2015-06-12,https://www.wunderground.com/history/daily/nl/schiphol/EHAM/date/2015-6-12,
2015-07-05,https://www.wunderground.com/history/daily/nl/schiphol/EHAM/date/2015-7-5,
2015-11-11,https://www.wunderground.com/history/daily/nl/schiphol/EHAM/date/2015-11-11,
2015-12-01,https://www.wunderground.com/history/daily/nl/schiphol/EHAM/date/2015-12-1,
2016-01-07,https://www.wunderground.com/history/daily/nl/schiphol/EHAM/date/2016-1-7,
2016-04-30,https://www.wunderground.com/history/daily/nl/schiphol/EHAM/date/2016-4-30,
2016-05-21,https://www.wunderground.com/history/daily/nl/schiphol/EHAM/date/2016-5-21,
2016-06-07,https://www.wunderground.com/history/daily/nl/schiphol/EHAM/date/2016-6-7,
2016-10-09,https://www.wunderground.com/history/daily/nl/schiphol/EHAM/date/2016-10-9,
2017-04-10,https://www.wunderground.com/history/daily/nl/schiphol/EHAM/date/2017-4-10,
2017-06-09,https://www.wunderground.com/history/daily/nl/schiphol/EHAM/date/2017-6-9,
2017-09-06,https://www.wunderground.com/history/daily/nl/schiphol/EHAM/date/2017-9-6,
2018-01-10,https://www.wunderground.com/history/daily/nl/schiphol/EHAM/date/2018-1-10,
2018-02-21,https://www.wunderground.com/history/daily/nl/schiphol/EHAM/date/2018-2-21,
2018-03-02,https://www.wunderground.com/history/daily/nl/schiphol/EHAM/date/2018-3-2,
2018-03-25,https://www.wunderground.com/history/daily/nl/schiphol/EHAM/date/2018-3-25,
2018-05-10,https://www.wunderground.com/history/daily/nl/schiphol/EHAM/date/2018-5-10,
2018-08-29,https://www.wunderground.com/history/daily/nl/schiphol/EHAM/date/2018-8-29,
2018-09-07,https://www.wunderground.com/history/daily/nl/schiphol/EHAM/date/2018-9-7,
2018-11-13,https://www.wunderground.com/history/daily/nl/schiphol/EHAM/date/2018-11-13,
2018-12-12,https://www.wunderground.com/history/daily/nl/schiphol/EHAM/date/2018-12-12,
2019-04-30,https://www.wunderground.com/history/daily/nl/schiphol/EHAM/date/2019-4-30,
2019-11-19,https://www.wunderground.com/history/daily/nl/schiphol/EHAM/date/2019-11-19,
2020-01-30,https://www.wunderground.com/history/daily/nl/schiphol/EHAM/date/2020-1-30,
2020-10-09,https://www.wunderground.com/history/daily/nl/schiphol/EHAM/date/2020-10-9,
2020-10-13,https://www.wunderground.com/history/daily/nl/schiphol/EHAM/date/2020-10-13,
2020-10-29,https://www.wunderground.com/history/daily/nl/schiphol/EHAM/date/2020-10-29,
2021-04-19,https://www.wunderground.com/history/daily/nl/schiphol/EHAM/date/2021-4-19,
2022-02-11,https://www.wunderground.com/history/daily/nl/schiphol/EHAM/date/2022-2-11,
2022-03-05,https://www.wunderground.com/history/daily/nl/schiphol/EHAM/date/2022-3-5,
2022-04-26,https://www.wunderground.com/history/daily/nl/schiphol/EHAM/date/2022-4-26,
2022-07-21,https://www.wunderground.com/history/daily/nl/schiphol/EHAM/date/2022-7-21,
2022-09-12,https://www.wunderground.com/history/daily/nl/schiphol/EHAM/date/2022-9-12,
2023-02-14,https://www.wunderground.com/history/daily/nl/schiphol/EHAM/date/2023-2-14,
2023-02-24,https://www.wunderground.com/history/daily/nl/schiphol/EHAM/date/2023-2-24,
2023-10-21,https://www.wunderground.com/history/daily/nl/schiphol/EHAM/date/2023-10-21,
2024-02-13,https://www.wunderground.com/history/daily/nl/schiphol/EHAM/date/2024-2-13,
2024-02-29,https://www.wunderground.com/history/daily/nl/schiphol/EHAM/date/2024-2-29,
2024-03-16,https://www.wunderground.com/history/daily/nl/schiphol/EHAM/date/2024-3-16,
2024-07-21,https://www.wunderground.com/history/daily/nl/schiphol/EHAM/date/2024-7-21,
2025-04-18,https://www.wunderground.com/history/daily/nl/schiphol/EHAM/date/2025-4-18,
2025-06-23,https://www.wunderground.com/history/daily/nl/schiphol/EHAM/date/2025-6-23,
2025-08-17,https://www.wunderground.com/history/daily/nl/schiphol/EHAM/date/2025-8-17,
2025-11-04,https://www.wunderground.com/history/daily/nl/schiphol/EHAM/date/2025-11-4,
2026-01-23,https://www.wunderground.com/history/daily/nl/schiphol/EHAM/date/2026-1-23,
2026-05-21,https://www.wunderground.com/history/daily/nl/schiphol/EHAM/date/2026-5-21,
2026-07-31,https://www.wunderground.com/history/daily/nl/schiphol/EHAM/date/2026-7-31,
2026-09-15,https://www.wunderground.com/history/daily/nl/schiphol/EHAM/date/2026-9-15,
